slice_type,slice_name,n,mdape,ppe10,ppe20,median_signed_pct_error,overvaluation_rate,undervaluation_rate,median_valuation_ratio,median_comp_count,median_comp_dispersion
neighborhood,HILLCREST,82,1.548992845207835,0.036585365853658534,0.06097560975609756,1.548992845207835,0.9512195121951219,0.012195121951219513,2.548992845207835,,
neighborhood,HARLEM-EAST,145,1.4254347602739725,0.06206896551724138,0.09655172413793103,1.4254347602739725,0.8482758620689655,0.0896551724137931,2.4254347602739728,,
neighborhood,CHINATOWN,48,1.2349961789772728,0.0,0.125,1.2349961789772728,0.8333333333333334,0.16666666666666666,2.2349961789772728,,
neighborhood,BEDFORD PARK/NORWOOD,131,1.0451820454545455,0.06870229007633588,0.17557251908396945,1.0451820454545455,0.8015267175572519,0.1297709923664122,2.0451820454545455,,
neighborhood,HARLEM-CENTRAL,494,0.9984663016222226,0.07692307692307693,0.13562753036437247,0.9984663016222226,0.7995951417004049,0.12348178137651822,1.9984663016222226,,
neighborhood,LONG ISLAND CITY,627,0.9960528376464843,0.03668261562998405,0.06698564593301436,-0.9192385079089506,0.06220095693779904,0.9011164274322169,0.08076149209104938,,
neighborhood,INWOOD,104,0.991391018811533,0.028846153846153848,0.04807692307692308,0.991391018811533,0.8846153846153846,0.08653846153846154,1.9913910188115331,,
neighborhood,RIVERDALE,804,0.8988202970332416,0.08582089552238806,0.14427860696517414,0.19467340228505842,0.5236318407960199,0.39054726368159204,1.1946734022850585,,
neighborhood,WASHINGTON HEIGHTS LOWER,88,0.8986924558756806,0.06818181818181818,0.125,0.889252471620227,0.6818181818181818,0.25,1.889252471620227,,
neighborhood,CLINTON,310,0.8069398611111112,0.06451612903225806,0.14838709677419354,0.41479755847953215,0.6096774193548387,0.3258064516129032,1.414797558479532,,
neighborhood,TRIBECA,679,0.7614231304347826,0.08100147275405008,0.14285714285714285,0.6220850681688301,0.678939617083947,0.24005891016200295,1.6220850681688301,,
neighborhood,HARLEM-WEST,32,0.7236581154617492,0.03125,0.0625,-0.2091158264003852,0.4375,0.53125,0.7908841735996148,,
borough_segment,2|ELEVATOR,1603,0.7053411931818182,0.10230817217716781,0.21023081721771678,0.37063872338077897,0.6213349968808484,0.27635683094198377,1.370638723380779,,
neighborhood,HARLEM-UPPER,113,0.6886116304347826,0.08849557522123894,0.168141592920354,0.5743498641304348,0.6194690265486725,0.2920353982300885,1.5743498641304348,,
neighborhood,UPPER WEST SIDE (79-96),921,0.6709532318598832,0.10857763300760044,0.18675352877307275,0.5858365,0.6666666666666666,0.2247557003257329,1.5858365,,
neighborhood,MIDTOWN WEST,678,0.6545407867778092,0.0943952802359882,0.18436578171091444,0.5924205016447368,0.6902654867256637,0.2153392330383481,1.592420501644737,,
neighborhood,MOTT HAVEN/PORT MORRIS,49,0.6482121060530265,0.12244897959183673,0.2857142857142857,0.6482121060530265,0.7755102040816326,0.10204081632653061,1.6482121060530266,,
neighborhood,EAST NEW YORK,512,0.611057997943061,0.134765625,0.24609375,0.6100209722222223,0.744140625,0.12109375,1.6100209722222223,,
borough_segment,1|WALKUP,1340,0.5935135566816817,0.09029850746268657,0.1761194029850746,0.41250539412313436,0.6216417910447761,0.2880597014925373,1.4125053941231343,,
borough_segment,5|SMALL_MULTI,15,0.5929387402088773,0.0,0.06666666666666667,0.4193622767857143,0.6,0.4,1.4193622767857144,,
neighborhood,BATHGATE,27,0.5792243421052632,0.1111111111111111,0.37037037037037035,0.5792243421052632,0.7037037037037037,0.18518518518518517,1.5792243421052632,,
neighborhood,FINANCIAL,334,0.5549883072453785,0.12275449101796407,0.2215568862275449,0.5445255279390422,0.7275449101796407,0.1497005988023952,1.544525527939042,,
neighborhood,UPPER EAST SIDE (96-110),44,0.5545350343746759,0.09090909090909091,0.11363636363636363,0.34924022569444446,0.5681818181818182,0.3409090909090909,1.3492402256944445,,
neighborhood,MANHATTAN VALLEY,221,0.5532207142857143,0.10407239819004525,0.2171945701357466,0.489875,0.669683257918552,0.22624434389140272,1.489875,,
neighborhood,UPPER WEST SIDE (59-79),1469,0.5499764187116565,0.08441116405718176,0.17767188563648742,0.32728704545454546,0.5990469707283866,0.31654186521443156,1.3272870454545453,,
neighborhood,UPPER EAST SIDE (59-79),1796,0.5396137999904256,0.10634743875278396,0.20657015590200445,0.3217143859265734,0.6108017817371938,0.2828507795100223,1.3217143859265734,,
borough_segment,1|ELEVATOR,13377,0.5268822115384615,0.10989010989010989,0.2151453988188682,0.30221954545454544,0.598041414367945,0.2920684757419451,1.3022195454545455,,
neighborhood,GREENWICH VILLAGE-WEST,558,0.5253677211181174,0.0913978494623656,0.17025089605734767,0.32952100325059097,0.6146953405017921,0.2939068100358423,1.329521003250591,,
borough,1,16334,0.5201880776515151,0.10946491979919187,0.21452185625076528,0.29056064612657306,0.5923227623362312,0.29821231786457697,1.290560646126573,,
borough_segment,5|ELEVATOR,203,0.5173306547619048,0.08374384236453201,0.15270935960591134,0.49726683673469385,0.7142857142857143,0.2019704433497537,1.497266836734694,,
neighborhood,UPPER EAST SIDE (79-96),1582,0.5154943267227966,0.12515802781289506,0.22882427307206069,0.2377969229452055,0.561314791403287,0.31352718078381797,1.2377969229452055,,
neighborhood,GREENWICH VILLAGE-CENTRAL,593,0.5118312828947369,0.07588532883642496,0.178752107925801,0.22108946666666668,0.5598650927487352,0.3642495784148398,1.2210894666666667,,
borough_segment,2|WALKUP,288,0.5111848913043477,0.11458333333333333,0.2326388888888889,0.3574462033166109,0.5972222222222222,0.2881944444444444,1.357446203316611,,
neighborhood,UPPER WEST SIDE (96-116),421,0.5110736082474227,0.11401425178147269,0.19714964370546317,0.4353201257861635,0.6579572446555819,0.22802850356294538,1.4353201257861634,,
neighborhood,ROOSEVELT ISLAND,44,0.5091611432349623,0.045454545454545456,0.11363636363636363,-0.2858580526676716,0.29545454545454547,0.6590909090909091,0.7141419473323284,,
neighborhood,WILLIAMSBURG-CENTRAL,77,0.50583765625,0.06493506493506493,0.18181818181818182,-0.1869195238095238,0.36363636363636365,0.5714285714285714,0.8130804761904762,,
neighborhood,HIGHBRIDGE/MORRIS HEIGHTS,85,0.4980698214285714,0.1411764705882353,0.2823529411764706,0.48275191326530614,0.788235294117647,0.07058823529411765,1.4827519132653062,,
neighborhood,SOHO,248,0.4978320301857585,0.125,0.2217741935483871,0.3091476208674345,0.5766129032258065,0.29838709677419356,1.3091476208674346,,
neighborhood,FASHION,70,0.4928928705246309,0.12857142857142856,0.21428571428571427,0.3309428863498014,0.6,0.2714285714285714,1.3309428863498014,,
neighborhood,CHELSEA,929,0.4804128308823529,0.1054897739504844,0.21743810548977396,0.22409930555555554,0.5651237890204521,0.3293864370290635,1.2240993055555556,,
neighborhood,OAKLAND GARDENS,393,0.480097593911122,0.058524173027989825,0.15012722646310434,-0.4619665625,0.04580152671755725,0.8956743002544529,0.5380334375,,
neighborhood,CIVIC CENTER,159,0.4794647619047619,0.14465408805031446,0.2389937106918239,0.3851852099236641,0.6163522012578616,0.2389937106918239,1.3851852099236641,,
property_segment,ELEVATOR,25783,0.47862564393939394,0.11848892681224063,0.2330993290152426,0.20339645833333334,0.5565682814257457,0.32494279176201374,1.2033964583333334,,
neighborhood,OCEAN PARKWAY-NORTH,465,0.47354395161290325,0.0967741935483871,0.23440860215053763,0.2905637878787879,0.6129032258064516,0.2903225806451613,1.290563787878788,,
neighborhood,LITTLE ITALY,45,0.4639662626262626,0.1111111111111111,0.2222222222222222,0.30603325,0.6,0.28888888888888886,1.30603325,,
neighborhood,ALPHABET CITY,125,0.46009328125,0.112,0.256,0.12241637931034483,0.52,0.368,1.1224163793103448,,
price_tier,entry,13024,0.45897853512664416,0.15241093366093367,0.2835534398034398,0.41690268750000004,0.6960227272727273,0.15156633906633907,1.4169026875,,
borough_segment,1|SMALL_MULTI,1348,0.4523765,0.1083086053412463,0.22403560830860533,0.15279890838206628,0.5259643916913946,0.36572700296735905,1.1527989083820662,,
neighborhood,GLEN OAKS,359,0.4483679861111111,0.09749303621169916,0.1615598885793872,-0.44026907552083333,0.03899721448467967,0.8635097493036211,0.5597309244791666,,
neighborhood,DOWNTOWN-FULTON MALL,248,0.4454181769369731,0.125,0.22580645161290322,0.1840926140857591,0.5443548387096774,0.33064516129032256,1.184092614085759,,
neighborhood,KIPS BAY,288,0.4443641596143174,0.14930555555555555,0.2465277777777778,0.18003580242966752,0.5347222222222222,0.3159722222222222,1.1800358024296673,,
borough_segment,4|ELEVATOR,6165,0.43647515625,0.13414436334144364,0.2543390105433901,0.09067966568057022,0.494566098945661,0.37128953771289536,1.0906796656805702,,
property_segment,WALKUP,5143,0.43314700374531834,0.11685786505930391,0.23254909585844838,-0.05971012544802867,0.4089053081858837,0.4742368267548124,0.9402898745519713,,
borough_segment,4|SMALL_MULTI,338,0.4280169215774735,0.1390532544378698,0.2514792899408284,-0.17531059395574866,0.2958579881656805,0.5650887573964497,0.8246894060442513,,
neighborhood,ELMHURST,634,0.4258943509578,0.16876971608832808,0.30757097791798105,0.1194493072555189,0.5126182965299685,0.3186119873817035,1.119449307255519,,
neighborhood,MIDTOWN EAST,1140,0.42420488863636363,0.1394736842105263,0.25877192982456143,0.11974018817315316,0.5140350877192983,0.34649122807017546,1.1197401881731532,,
neighborhood,MORNINGSIDE HEIGHTS,156,0.4238230088117574,0.10897435897435898,0.2564102564102564,-0.0005871961538461539,0.41025641025641024,0.4807692307692308,0.9994128038461538,,
neighborhood,NAVY YARD,19,0.4206446170520231,0.0,0.2631578947368421,-0.36562798913043476,0.2631578947368421,0.7368421052631579,0.6343720108695652,,
neighborhood,FORDHAM,51,0.4150892553191489,0.09803921568627451,0.21568627450980393,0.251943203125,0.6274509803921569,0.27450980392156865,1.251943203125,,
neighborhood,FLUSHING-NORTH,2221,0.41154392523364486,0.16569113012156686,0.2935614588023413,0.3098118918918919,0.6258442143178748,0.20846465556055832,1.309811891891892,,
neighborhood,LITTLE NECK,221,0.41132185582822084,0.09502262443438914,0.22624434389140272,-0.35477039473684213,0.12669683257918551,0.7782805429864253,0.6452296052631579,,
neighborhood,SOUTHBRIDGE,119,0.40910965517241377,0.1092436974789916,0.29411764705882354,0.37147303921568625,0.7058823529411765,0.18487394957983194,1.3714730392156862,,
property_segment,SMALL_MULTI,3018,0.40757678888057114,0.133532140490391,0.2504970178926441,0.005287596153846154,0.4363817097415507,0.4300861497680583,1.005287596153846,,
neighborhood,CONEY ISLAND,198,0.4058566600678733,0.07575757575757576,0.18686868686868688,-0.37494694812972174,0.08585858585858586,0.8383838383838383,0.6250530518702782,,
borough_segment,4|WALKUP,1697,0.40435251046025106,0.12374779021803183,0.24337065409546257,-0.28377905634236456,0.2103712433706541,0.6658809664113141,0.7162209436576354,,
neighborhood,PROSPECT HEIGHTS,231,0.39602198412698414,0.12121212121212122,0.2597402597402597,-0.16273649193548387,0.30303030303030304,0.5757575757575758,0.8372635080645161,,
neighborhood,OCEAN PARKWAY-SOUTH,219,0.3875630681818182,0.091324200913242,0.2237442922374429,-0.1792284722222222,0.3698630136986301,0.5388127853881278,0.8207715277777777,,
borough_segment,3|ELEVATOR,4435,0.38736659482758623,0.13010146561443067,0.2696730552423901,0.07581653333333334,0.48703494926719276,0.38286358511837654,1.0758165333333334,,
neighborhood,WILLIAMSBURG-EAST,268,0.38703117597292724,0.1417910447761194,0.25,-0.028545018517914245,0.4141791044776119,0.44402985074626866,0.9714549814820858,,
neighborhood,FLATIRON,286,0.3852272210776694,0.12237762237762238,0.23076923076923078,0.15898482142857143,0.5244755244755245,0.3531468531468531,1.1589848214285714,,
neighborhood,BROOKLYN HEIGHTS,396,0.3840216183087891,0.12121212121212122,0.2474747474747475,-0.047244696132596686,0.4217171717171717,0.45707070707070707,0.9527553038674033,,
neighborhood,EAST VILLAGE,163,0.3840116141732283,0.15337423312883436,0.3312883435582822,0.23993558139534885,0.5705521472392638,0.27607361963190186,1.2399355813953488,,
neighborhood,NEW BRIGHTON-ST. GEORGE,36,0.38392106858054226,0.1111111111111111,0.19444444444444445,-0.19952314814814814,0.3611111111111111,0.5277777777777778,0.8004768518518519,,
neighborhood,DOUGLASTON,160,0.382071484375,0.15,0.2375,-0.29699993117524204,0.19375,0.65625,0.703000068824758,,
borough_segment,3|WALKUP,1687,0.37653141025641024,0.13278008298755187,0.26318909306461175,-0.0304573,0.4184943687018376,0.44872554831061057,0.9695427,,
neighborhood,TODT HILL,33,0.3764463068181818,0.15151515151515152,0.2727272727272727,-0.2023507573708412,0.21212121212121213,0.6363636363636364,0.7976492426291588,,
neighborhood,MADISON,267,0.37597386587771203,0.12359550561797752,0.24344569288389514,-0.160930225281602,0.32209737827715357,0.5543071161048689,0.8390697747183979,,
borough_segment,5|WALKUP,131,0.37595975961538464,0.09923664122137404,0.2748091603053435,-0.22451223021582734,0.26717557251908397,0.6335877862595419,0.7754877697841727,,
neighborhood,WILLIAMSBURG-SOUTH,147,0.3747272292993631,0.17006802721088435,0.2925170068027211,0.041377423263327946,0.46258503401360546,0.3673469387755102,1.041377423263328,,
neighborhood,PELHAM PARKWAY SOUTH,121,0.37383113839285714,0.1652892561983471,0.3305785123966942,0.026175,0.47107438016528924,0.36363636363636365,1.026175,,
neighborhood,BUSHWICK,393,0.3717434375,0.1450381679389313,0.2926208651399491,0.27287375,0.6157760814249363,0.23918575063613232,1.27287375,,
neighborhood,KINGSBRIDGE HTS/UNIV HTS,78,0.3693842824835526,0.2564102564102564,0.38461538461538464,0.2764727219304774,0.6410256410256411,0.10256410256410256,1.2764727219304774,,
borough_segment,3|SMALL_MULTI,1286,0.36861687933397835,0.15863141524105753,0.276049766718507,-0.06406626569350339,0.374805598755832,0.4665629860031104,0.9359337343064966,,
neighborhood,TOMPKINSVILLE,44,0.36609956144957984,0.13636363636363635,0.3409090909090909,0.2681994731182796,0.6363636363636364,0.22727272727272727,1.2681994731182797,,
neighborhood,WINDSOR TERRACE,132,0.365677612830033,0.14393939393939395,0.25757575757575757,-0.27271663765822785,0.1893939393939394,0.6666666666666666,0.7272833623417722,,
neighborhood,FIELDSTON,32,0.3553556145833333,0.0625,0.28125,-0.11539311498731582,0.4375,0.5,0.8846068850126843,,
neighborhood,ASTORIA,762,0.35391107991155113,0.19028871391076116,0.3359580052493438,-0.03434695054945055,0.36351706036745407,0.4461942257217848,0.9656530494505494,,
neighborhood,JAVITS CENTER,55,0.3537582142857143,0.18181818181818182,0.3090909090909091,-0.024442607313195547,0.43636363636363634,0.38181818181818183,0.9755573926868044,,
neighborhood,WOODLAWN,78,0.3510396546528447,0.20512820512820512,0.38461538461538464,0.3066189118571957,0.6153846153846154,0.1794871794871795,1.3066189118571958,,
neighborhood,MIDWOOD,300,0.350458443598751,0.17333333333333334,0.3233333333333333,0.11372717162554427,0.5166666666666667,0.31,1.1137271716255444,,
neighborhood,DOWNTOWN-METROTECH,88,0.3489413564544044,0.1590909090909091,0.29545454545454547,-0.033020339547293776,0.4318181818181818,0.4090909090909091,0.9669796604527062,,
neighborhood,MELROSE/CONCOURSE,170,0.348288252985842,0.10588235294117647,0.35294117647058826,0.348288252985842,0.6470588235294118,0.24705882352941178,1.348288252985842,,
neighborhood,WASHINGTON HEIGHTS UPPER,241,0.34754320652173915,0.1078838174273859,0.2821576763485477,0.17471229281767955,0.5477178423236515,0.34439834024896265,1.1747122928176796,,
neighborhood,GREENPOINT,338,0.3439629369712352,0.14201183431952663,0.3076923076923077,-0.03802427197802198,0.40828402366863903,0.44970414201183434,0.9619757280219781,,
neighborhood,FORT GREENE,148,0.33869670499446813,0.14864864864864866,0.2635135135135135,-0.08671024405893536,0.36486486486486486,0.4864864864864865,0.9132897559410647,,
neighborhood,FLATBUSH-CENTRAL,373,0.3340526282051282,0.16353887399463807,0.2868632707774799,-0.03578120967741936,0.38337801608579086,0.45308310991957107,0.9642187903225806,,
neighborhood,WILLIAMSBURG-NORTH,270,0.33363819325058086,0.1259259259259259,0.3148148148148148,0.055707402359589014,0.48518518518518516,0.3888888888888889,1.0557074023595892,,
neighborhood,MURRAY HILL,593,0.3326986969111969,0.15851602023608768,0.3288364249578415,-0.013573671875,0.3962900505902192,0.4451939291736931,0.986426328125,,
neighborhood,LOWER EAST SIDE,323,0.3321960576923077,0.1393188854489164,0.3157894736842105,-0.013904247488180437,0.43653250773993807,0.4241486068111455,0.9860957525118196,,
neighborhood,GRAMERCY,499,0.33193901515151514,0.16432865731462926,0.3226452905811623,0.06348347805113362,0.46693386773547096,0.3687374749498998,1.0634834780511335,,
neighborhood,MIDTOWN CBD,221,0.3319306756756757,0.11764705882352941,0.334841628959276,0.08543206453690123,0.4841628959276018,0.39819004524886875,1.0854320645369013,,
neighborhood,SUNSET PARK,381,0.33155538461538464,0.2283464566929134,0.34908136482939633,0.007828894472361809,0.4068241469816273,0.3648293963254593,1.007828894472362,,
neighborhood,DOWNTOWN-FULTON FERRY,170,0.32749678375160285,0.11176470588235295,0.24705882352941178,0.11148011769834351,0.5058823529411764,0.38235294117647056,1.1114801176983433,,
neighborhood,CLINTON HILL,270,0.32188002065227994,0.18518518518518517,0.35555555555555557,-0.14767628722570533,0.26296296296296295,0.5518518518518518,0.8523237127742946,,
neighborhood,PARK SLOPE,539,0.32099032534246574,0.15955473098330242,0.31910946196660483,-0.10326741176470589,0.3358070500927644,0.5046382189239332,0.8967325882352941,,
neighborhood,CARROLL GARDENS,167,0.31893497267759563,0.1377245508982036,0.30538922155688625,-0.2050525316455696,0.2275449101796407,0.6347305389221557,0.7949474683544304,,
neighborhood,CROWN HEIGHTS,480,0.31739380615942026,0.175,0.3229166666666667,0.008740777126350335,0.40208333333333335,0.42291666666666666,1.0087407771263504,,
neighborhood,FLATBUSH-LEFFERTS GARDEN,166,0.3140461564978806,0.14457831325301204,0.28313253012048195,-0.12407122724089636,0.3253012048192771,0.5301204819277109,0.8759287727591036,,
neighborhood,WOODSIDE,378,0.3136892144558975,0.14814814814814814,0.28835978835978837,-0.01664198943661972,0.41534391534391535,0.4365079365079365,0.9833580105633802,,
all,ALL,59092,0.31313148437500005,0.1708691531848643,0.3398768022744196,-0.006078077938988095,0.41839842956745416,0.41073241724768156,0.9939219220610119,,
model_route,global,59092,0.31313148437500005,0.1708691531848643,0.3398768022744196,-0.006078077938988095,0.41839842956745416,0.41073241724768156,0.9939219220610119,,
neighborhood,FOREST HILLS,865,0.3127667159763314,0.1699421965317919,0.33410404624277457,-0.19016470588235293,0.23352601156069364,0.5965317919075145,0.8098352941176471,,
borough_segment,1|SINGLE_FAMILY,269,0.31198387596899224,0.1895910780669145,0.3271375464684015,0.09130932835820896,0.4944237918215613,0.3159851301115242,1.091309328358209,,
neighborhood,BRIGHTON BEACH,250,0.31127650789259087,0.176,0.34,-0.202408700624145,0.196,0.628,0.7975912993758549,,
price_tier,luxury,16212,0.3096074736251947,0.1642610412040464,0.32704169750801876,-0.21768144838126394,0.19738465334320257,0.6383543054527511,0.7823185516187361,,
neighborhood,HOLLIS HILLS,62,0.30750805147058824,0.14516129032258066,0.2903225806451613,-0.28555348295869887,0.08064516129032258,0.7741935483870968,0.7144465170413012,,
neighborhood,GOWANUS,94,0.3073600674603174,0.14893617021276595,0.3191489361702128,0.00810117658338812,0.4574468085106383,0.39361702127659576,1.008101176583388,,
neighborhood,CITY ISLAND,53,0.3051029079616036,0.1320754716981132,0.3018867924528302,-0.20357612584175083,0.24528301886792453,0.6226415094339622,0.7964238741582491,,
neighborhood,BEDFORD STUYVESANT,800,0.3021453042161327,0.18,0.34,0.05766818994728916,0.46,0.36,1.057668189947289,,
neighborhood,FLORAL PARK,150,0.29958447631183155,0.07333333333333333,0.20666666666666667,-0.2879623646185545,0.06666666666666667,0.86,0.7120376353814455,,
neighborhood,BOERUM HILL,133,0.2982505952380952,0.13533834586466165,0.3308270676691729,-0.1690038888888889,0.24812030075187969,0.6165413533834586,0.8309961111111112,,
borough,3,14481,0.2975973571428571,0.17850977142462537,0.35259995856639736,-0.03240263157894737,0.39092604101926665,0.430564187556108,0.9675973684210526,,
neighborhood,RICHMONDTOWN-LIGHTHS HILL,14,0.29745647505829353,0.07142857142857142,0.2857142857142857,-0.23428461925287358,0.2857142857142857,0.6428571428571429,0.7657153807471264,,
neighborhood,KENSINGTON,81,0.2958636652542373,0.13580246913580246,0.30864197530864196,-0.23581540404040405,0.1728395061728395,0.691358024691358,0.764184595959596,,
neighborhood,GRANT CITY,116,0.29567415221088433,0.11206896551724138,0.27586206896551724,-0.11136742254273505,0.3793103448275862,0.5086206896551724,0.888632577457265,,
neighborhood,SILVER LAKE,40,0.29192510723608855,0.25,0.35,-0.04779892307692308,0.3,0.45,0.9522010769230769,,
neighborhood,RICHMONDTOWN,65,0.29045835798816566,0.09230769230769231,0.3384615384615385,-0.24288071428571428,0.13846153846153847,0.7692307692307693,0.7571192857142857,,
neighborhood,GRAVESEND,436,0.28897337019197866,0.16743119266055045,0.3646788990825688,0.008347448044582763,0.4426605504587156,0.38990825688073394,1.0083474480445829,,
neighborhood,HAMMELS,58,0.2867745840992647,0.1896551724137931,0.3103448275862069,0.19048303408313594,0.5517241379310345,0.25862068965517243,1.1904830340831358,,
neighborhood,HOWARD BEACH,400,0.2854201681259314,0.19,0.375,-0.10878850545900179,0.3,0.51,0.8912114945409982,,
neighborhood,BAY RIDGE,645,0.2851150735294118,0.17209302325581396,0.37209302325581395,-0.126466796875,0.3085271317829457,0.5193798449612403,0.873533203125,,
neighborhood,BOROUGH PARK,630,0.28488624104370674,0.18412698412698414,0.35555555555555557,-0.06851949760319326,0.353968253968254,0.46190476190476193,0.9314805023968067,,
neighborhood,JAMAICA ESTATES,81,0.283232761732852,0.19753086419753085,0.38271604938271603,-0.17155634615384616,0.1728395061728395,0.6296296296296297,0.8284436538461538,,
neighborhood,COBBLE HILL-WEST,34,0.28275441576086957,0.29411764705882354,0.38235294117647056,-0.009758717105263158,0.4117647058823529,0.29411764705882354,0.9902412828947369,,
neighborhood,BAYSIDE,844,0.2823668225918226,0.1966824644549763,0.3578199052132701,-0.16768548664114274,0.22393364928909953,0.5793838862559242,0.8323145133588573,,
neighborhood,PORT IVORY,21,0.28205447635135134,0.09523809523809523,0.2857142857142857,0.2666898237179487,0.6666666666666666,0.23809523809523808,1.2666898237179487,,
price_tier,core,14512,0.281324615965973,0.18012679162072767,0.37527563395810365,0.019712766666666666,0.4476295479603087,0.3722436604189636,1.0197127666666668,,
neighborhood,REGO PARK,553,0.28099739583333333,0.16455696202531644,0.3508137432188065,-0.11747936507936509,0.325497287522604,0.5099457504520796,0.8825206349206349,,
neighborhood,EAST TREMONT,62,0.28032599151234566,0.24193548387096775,0.3548387096774194,0.03636044518849206,0.46774193548387094,0.2903225806451613,1.036360445188492,,
neighborhood,JACKSON HEIGHTS,757,0.27929384853603606,0.18890356671070013,0.3712021136063408,0.039755181471634045,0.4557463672391017,0.35535006605019814,1.0397551814716341,,
neighborhood,BRIARWOOD,150,0.278595,0.22,0.36,-0.05423089339339339,0.34,0.44,0.9457691066066066,,
neighborhood,COBBLE HILL,83,0.2782784055727554,0.2891566265060241,0.37349397590361444,-0.04940379746835443,0.27710843373493976,0.43373493975903615,0.9505962025316456,,
neighborhood,RED HOOK,28,0.27573992586175633,0.25,0.32142857142857145,-0.07968605407614131,0.32142857142857145,0.42857142857142855,0.9203139459238587,,
neighborhood,SHEEPSHEAD BAY,455,0.2751123277182236,0.14505494505494507,0.34065934065934067,-0.18361625,0.24175824175824176,0.6131868131868132,0.81638375,,
price_tier,premium,15344,0.2750191461124615,0.18476277372262773,0.36776590198123044,-0.03120122857379065,0.3886209593326382,0.4266162669447341,0.9687987714262094,,
neighborhood,HUNTS POINT,12,0.274853857421875,0.3333333333333333,0.3333333333333333,0.14227120048484612,0.5,0.16666666666666666,1.142271200484846,,
borough,2,4581,0.27191449652777777,0.1925343811394892,0.39707487448155426,0.033254733009708735,0.449028596376337,0.35843702248417375,1.0332547330097088,,
neighborhood,CORONA,349,0.2711010129969419,0.1833810888252149,0.3553008595988539,0.07823234011627907,0.47277936962750716,0.3438395415472779,1.078232340116279,,
neighborhood,SUNNYSIDE,237,0.270889898989899,0.16455696202531644,0.3333333333333333,0.040937422839506174,0.4388185654008439,0.39662447257383965,1.040937422839506,,
borough,4,18441,0.2706210546092184,0.19342768830323734,0.3817580391518898,-0.08245731481481482,0.32731413697738737,0.4792581747193753,0.9175426851851852,,
neighborhood,JAMAICA,167,0.2636375,0.20958083832335328,0.40718562874251496,-0.07845867764881682,0.3413173652694611,0.4491017964071856,0.9215413223511831,,
neighborhood,KEW GARDENS,262,0.2636090909090909,0.24045801526717558,0.36259541984732824,0.06548485954528241,0.45038167938931295,0.30916030534351147,1.0654848595452824,,
neighborhood,NEW DORP-HEIGHTS,83,0.2576944719471947,0.12048192771084337,0.3253012048192771,-0.23589591802168022,0.13253012048192772,0.7469879518072289,0.7641040819783198,,
neighborhood,WYCKOFF HEIGHTS,74,0.25643794305262096,0.16216216216216217,0.35135135135135137,0.09030782281731475,0.4864864864864865,0.35135135135135137,1.0903078228173149,,
neighborhood,NEPONSIT,19,0.255598125,0.10526315789473684,0.3684210526315789,0.1031044696969697,0.5263157894736842,0.3684210526315789,1.1031044696969696,,
neighborhood,FLUSHING MEADOW PARK,14,0.2551634882425743,0.14285714285714285,0.42857142857142855,0.17595945826724824,0.5714285714285714,0.2857142857142857,1.1759594582672481,,
neighborhood,ROSEDALE,263,0.2539408653846154,0.20152091254752852,0.39543726235741444,-0.13808627136752136,0.2623574144486692,0.5361216730038023,0.8619137286324786,,
neighborhood,PARK SLOPE SOUTH,128,0.25392033446884693,0.1875,0.4140625,-0.043889545588235296,0.3515625,0.4609375,0.9561104544117647,,
neighborhood,FAR ROCKAWAY,206,0.2529199853656032,0.24271844660194175,0.42718446601941745,0.062310731474947076,0.4563106796116505,0.30097087378640774,1.062310731474947,,
neighborhood,KINGSBRIDGE/JEROME PARK,135,0.25148898305084744,0.1925925925925926,0.4148148148148148,-0.021890811965811965,0.4074074074074074,0.4,0.978109188034188,,
neighborhood,OCEAN HILL,214,0.24877638515207218,0.205607476635514,0.4252336448598131,0.05255476284744667,0.4485981308411215,0.34579439252336447,1.0525547628474468,,
neighborhood,BUSH TERMINAL,23,0.24877295918367348,0.2608695652173913,0.391304347826087,0.22526422651933703,0.6521739130434783,0.08695652173913043,1.225264226519337,,
neighborhood,NEW DORP,118,0.2483222465034965,0.17796610169491525,0.3813559322033898,-0.23071078852446825,0.059322033898305086,0.7627118644067796,0.7692892114755318,,
borough_segment,2|SMALL_MULTI,31,0.24817546948356808,0.1935483870967742,0.41935483870967744,0.18869723214285714,0.5483870967741935,0.25806451612903225,1.188697232142857,,
neighborhood,OAKWOOD,51,0.2473530109489051,0.1568627450980392,0.3137254901960784,-0.21003166666666667,0.11764705882352941,0.7254901960784313,0.7899683333333334,,
neighborhood,COLLEGE POINT,243,0.2468921710526316,0.20987654320987653,0.40329218106995884,-0.15584196428571429,0.205761316872428,0.5843621399176955,0.8441580357142857,,
neighborhood,FLATBUSH-NORTH,227,0.24540354752964383,0.1894273127753304,0.3788546255506608,-0.02034725,0.4052863436123348,0.4052863436123348,0.97965275,,
neighborhood,AIRPORT LA GUARDIA,8,0.2452463941763672,0.125,0.375,-0.19045217003843617,0.125,0.75,0.8095478299615637,,
neighborhood,CLOVE LAKES,78,0.24262301838919004,0.1794871794871795,0.41025641025641024,-0.12079305522248868,0.23076923076923078,0.5897435897435898,0.8792069447775113,,
neighborhood,BEECHHURST,159,0.2413609899328859,0.14465408805031446,0.34591194968553457,-0.227506484375,0.07547169811320754,0.779874213836478,0.772493515625,,
neighborhood,ARROCHAR-SHORE ACRES,35,0.23923166666666668,0.2,0.37142857142857144,-0.02714295634920635,0.37142857142857144,0.42857142857142855,0.9728570436507936,,
neighborhood,MIDLAND BEACH,172,0.23831984890367316,0.18023255813953487,0.38953488372093026,-0.17782929760990318,0.18604651162790697,0.6337209302325582,0.8221707023900968,,
neighborhood,FRESH MEADOWS,118,0.23688686285391186,0.1694915254237288,0.423728813559322,-0.16800273113268135,0.1440677966101695,0.6864406779661016,0.8319972688673187,,
neighborhood,GRYMES HILL,53,0.23585335269271385,0.3018867924528302,0.4528301886792453,0.0009232,0.37735849056603776,0.32075471698113206,1.0009232,,
neighborhood,SEAGATE,36,0.23408167722028134,0.2777777777777778,0.4166666666666667,0.051335397727272726,0.4166666666666667,0.3055555555555556,1.0513353977272728,,
neighborhood,BRONXDALE,197,0.23382395833333333,0.18274111675126903,0.4263959390862944,0.0618361772649153,0.4517766497461929,0.36548223350253806,1.0618361772649152,,
neighborhood,DONGAN HILLS,73,0.23159773199445982,0.2602739726027397,0.4520547945205479,-0.15144162912912912,0.1917808219178082,0.547945205479452,0.8485583708708708,,
borough_segment,3|SINGLE_FAMILY,7073,0.23152575757575758,0.22338470238936803,0.43984165135020503,-0.061606875,0.32701823837127103,0.44959705923936094,0.938393125,,
neighborhood,STAPLETON-CLIFTON,24,0.23118295755238832,0.041666666666666664,0.4166666666666667,-0.15524377072109408,0.3333333333333333,0.625,0.8447562292789059,,
neighborhood,JAMAICA BAY,7,0.23039956395348837,0.14285714285714285,0.42857142857142855,0.23039956395348837,0.7142857142857143,0.14285714285714285,1.2303995639534884,,
neighborhood,BROAD CHANNEL,35,0.23016617298578199,0.2,0.34285714285714286,0.20150923295454545,0.5714285714285714,0.22857142857142856,1.2015092329545454,,
neighborhood,BENSONHURST,312,0.22673256341943096,0.23397435897435898,0.46794871794871795,0.02883726970097534,0.4230769230769231,0.34294871794871795,1.0288372697009756,,
neighborhood,ROSEBANK,140,0.22614455290511726,0.22142857142857142,0.4357142857142857,-0.11901050547553335,0.21428571428571427,0.5642857142857143,0.8809894945244667,,
neighborhood,THROGS NECK,243,0.2256309486040609,0.205761316872428,0.4773662551440329,-0.11066081771071483,0.2839506172839506,0.5102880658436214,0.8893391822892852,,
neighborhood,BELLE HARBOR,79,0.22521159722222223,0.189873417721519,0.46835443037974683,0.06298921765295888,0.4810126582278481,0.3291139240506329,1.062989217652959,,
neighborhood,MORRISANIA/LONGWOOD,157,0.22345823529411765,0.22929936305732485,0.4394904458598726,0.12666296875,0.5222929936305732,0.2484076433121019,1.12666296875,,
neighborhood,SPRINGFIELD GARDENS,336,0.2225388632878768,0.25,0.4494047619047619,-0.09656894609814964,0.25297619047619047,0.49702380952380953,0.9034310539018504,,
neighborhood,MASPETH,218,0.2217394590435606,0.22935779816513763,0.4541284403669725,-0.06691160783179012,0.3302752293577982,0.44036697247706424,0.9330883921682098,,
neighborhood,DONGAN HILLS-COLONY,56,0.2202759558150183,0.21428571428571427,0.42857142857142855,-0.14845757526037184,0.19642857142857142,0.5892857142857143,0.8515424247396282,,
neighborhood,FLUSHING-SOUTH,547,0.2186446172907489,0.19744058500914077,0.4789762340036563,-0.15724317602040816,0.19195612431444242,0.6106032906764168,0.8427568239795918,,
neighborhood,STAPLETON,83,0.21766322916666667,0.2289156626506024,0.46987951807228917,0.1640034090909091,0.5903614457831325,0.18072289156626506,1.164003409090909,,
neighborhood,TRAVIS,41,0.217208642578125,0.24390243902439024,0.4634146341463415,-0.17866946138211381,0.0975609756097561,0.6585365853658537,0.8213305386178862,,
neighborhood,SCHUYLERVILLE/PELHAM BAY,178,0.21709071762088455,0.24719101123595505,0.43820224719101125,-0.0010131970400100339,0.4101123595505618,0.34269662921348315,0.99898680295999,,
neighborhood,WHITESTONE,344,0.21707220452967718,0.25872093023255816,0.4680232558139535,-0.11447476599580139,0.21511627906976744,0.5261627906976745,0.8855252340041986,,
neighborhood,NEW DORP-BEACH,68,0.21684196645802,0.16176470588235295,0.4411764705882353,-0.10927175810704254,0.3382352941176471,0.5,0.8907282418929574,,
neighborhood,BREEZY POINT,89,0.21590392857142857,0.2247191011235955,0.48314606741573035,-0.08302273622047245,0.29213483146067415,0.48314606741573035,0.9169772637795276,,
neighborhood,QUEENS VILLAGE,405,0.2146760093167702,0.16790123456790124,0.454320987654321,-0.15122114093959732,0.21481481481481482,0.6172839506172839,0.8487788590604027,,
neighborhood,BATH BEACH,177,0.21326708333333333,0.20903954802259886,0.4632768361581921,-0.018620220588235294,0.384180790960452,0.4067796610169492,0.9813797794117647,,
neighborhood,BELLEROSE,147,0.21317265381619938,0.20408163265306123,0.47619047619047616,-0.1862229668674699,0.11564625850340136,0.6802721088435374,0.8137770331325301,,
neighborhood,GREAT KILLS-BAY TERRACE,49,0.21237932180851063,0.14285714285714285,0.4489795918367347,-0.1664182621502209,0.24489795918367346,0.6122448979591837,0.8335817378497791,,
neighborhood,COUNTRY CLUB,107,0.2120366847826087,0.21495327102803738,0.4766355140186916,-0.11580200079239303,0.2336448598130841,0.5514018691588785,0.884197999207607,,
neighborhood,HOLLISWOOD,93,0.2119511956521739,0.27956989247311825,0.4838709677419355,0.034918478260869565,0.41935483870967744,0.3010752688172043,1.0349184782608696,,
neighborhood,MOUNT HOPE/MOUNT EDEN,43,0.21185885416666667,0.23255813953488372,0.4883720930232558,0.136541625,0.5116279069767442,0.2558139534883721,1.136541625,,
neighborhood,EAST ELMHURST,143,0.2113816304347826,0.23776223776223776,0.45454545454545453,-0.0883226,0.2727272727272727,0.48951048951048953,0.9116774,,
neighborhood,SO. JAMAICA-BAISLEY PARK,396,0.20826377551020409,0.24494949494949494,0.4797979797979798,-0.06505508299134521,0.3055555555555556,0.4494949494949495,0.9349449170086548,,
neighborhood,NEW BRIGHTON,138,0.20825200601279786,0.26811594202898553,0.4927536231884058,0.09553375,0.4855072463768116,0.2463768115942029,1.09553375,,
neighborhood,CAMBRIA HEIGHTS,135,0.20776071673525376,0.2740740740740741,0.4888888888888889,-0.10182535670287277,0.21481481481481482,0.5111111111111111,0.8981746432971273,,
property_segment,SINGLE_FAMILY,25148,0.20771565942901438,0.2400986161921425,0.48202640369015426,-0.08883418559017718,0.27652298393510416,0.48337839987275333,0.9111658144098228,,
neighborhood,WAKEFIELD,150,0.20758788494236902,0.22,0.49333333333333335,0.009968803289146129,0.4,0.38,1.009968803289146,,
neighborhood,JAMAICA HILLS,55,0.2075616714308776,0.2909090909090909,0.4727272727272727,-0.0725686440677966,0.2545454545454545,0.45454545454545453,0.9274313559322034,,
borough_segment,4|SINGLE_FAMILY,10241,0.20631343201754385,0.24245679132897177,0.4856947563714481,-0.10659721153846154,0.24704618689581095,0.5104970217752173,0.8934027884615384,,
neighborhood,NEW SPRINGVILLE,215,0.20625625,0.24651162790697675,0.4790697674418605,-0.07509086457750419,0.3116279069767442,0.4418604651162791,0.9249091354224958,,
neighborhood,SOUTH OZONE PARK,325,0.20578504601226993,0.2553846153846154,0.48923076923076925,-0.1090125625,0.2246153846153846,0.52,0.8909874375,,
neighborhood,OAKWOOD-BEACH,43,0.20571832706766918,0.2558139534883721,0.4883720930232558,-0.18643583333333333,0.046511627906976744,0.6976744186046512,0.8135641666666666,,
neighborhood,SOUTH JAMAICA,269,0.2054966783216783,0.22676579925650558,0.48698884758364314,-0.07123902173913044,0.31226765799256506,0.46096654275092935,0.9287609782608696,,
neighborhood,PARKCHESTER,361,0.20497162828947368,0.2188365650969529,0.4792243767313019,0.10577688679245283,0.5096952908587258,0.27146814404432135,1.105776886792453,,
neighborhood,CANARSIE,379,0.20494289737171464,0.2796833773087071,0.49340369393139843,-0.0007858870967741936,0.3641160949868074,0.3562005277044855,0.9992141129032258,,
neighborhood,FLATBUSH-EAST,544,0.20450498109863696,0.2610294117647059,0.49816176470588236,-0.008007854894163457,0.36213235294117646,0.37683823529411764,0.9919921451058366,,
neighborhood,GREAT KILLS,531,0.20437461419753086,0.19962335216572505,0.487758945386064,-0.16710400390625,0.15819209039548024,0.6421845574387948,0.83289599609375,,
neighborhood,CROTONA PARK,34,0.20330416666666667,0.20588235294117646,0.5,-0.014161849306230264,0.35294117647058826,0.4411764705882353,0.9858381506937698,,
neighborhood,RIDGEWOOD,225,0.20225571725571725,0.29777777777777775,0.49333333333333335,0.10781770513010355,0.5111111111111111,0.19111111111111112,1.1078177051301035,,
neighborhood,SOUTH BEACH,141,0.2015777066929134,0.18439716312056736,0.49645390070921985,-0.1608110576923077,0.16312056737588654,0.6524822695035462,0.8391889423076923,,
neighborhood,FLATLANDS,153,0.20072666139240505,0.24183006535947713,0.49673202614379086,-0.09796294642857142,0.26143790849673204,0.49673202614379086,0.9020370535714286,,
borough,5,5255,0.20066345486111112,0.24262607040913417,0.49762131303520457,-0.1052492,0.24643196955280686,0.510941960038059,0.8947508,,
neighborhood,ELTINGVILLE,276,0.1999352055027174,0.1956521739130435,0.5,-0.15501096601123596,0.14130434782608695,0.6630434782608695,0.844989033988764,,
neighborhood,MANOR HEIGHTS,82,0.19964245269189768,0.23170731707317074,0.5,-0.16260892711251168,0.15853658536585366,0.6097560975609756,0.8373910728874883,,
neighborhood,GRASMERE,58,0.1996205507546308,0.1724137931034483,0.5,-0.18417280117861246,0.06896551724137931,0.7586206896551724,0.8158271988213875,,
neighborhood,MIDDLE VILLAGE,349,0.1976722138554217,0.22922636103151864,0.5157593123209169,-0.15356629708383962,0.16332378223495703,0.6074498567335244,0.8464337029161604,,
neighborhood,ROCKAWAY PARK,78,0.1973990654504607,0.3076923076923077,0.5,-0.06051811002178649,0.3076923076923077,0.38461538461538464,0.9394818899782135,,
neighborhood,GERRITSEN BEACH,83,0.19727688953488373,0.2891566265060241,0.5180722891566265,-0.0784435,0.2289156626506024,0.4819277108433735,0.9215565,,
neighborhood,ROSSVILLE,85,0.1970208958958959,0.3058823529411765,0.5411764705882353,-0.10200522629310345,0.18823529411764706,0.5058823529411764,0.8979947737068965,,
neighborhood,PELHAM PARKWAY NORTH,101,0.1935637159533074,0.26732673267326734,0.5247524752475248,-0.12374294515103339,0.19801980198019803,0.5346534653465347,0.8762570548489667,,
neighborhood,ARVERNE,129,0.19301932094840232,0.2713178294573643,0.5193798449612403,0.052665228873239434,0.4728682170542636,0.2558139534883721,1.0526652288732394,,
neighborhood,MANHATTAN BEACH,58,0.1929967528957529,0.25862068965517243,0.5172413793103449,0.0021303244882886685,0.3448275862068966,0.39655172413793105,1.0021303244882886,,
neighborhood,SOUNDVIEW,221,0.19254860074626864,0.2669683257918552,0.5248868778280543,0.0007464192708333333,0.35294117647058826,0.38009049773755654,1.0007464192708333,,
borough_segment,5|SINGLE_FAMILY,4906,0.19236469961987673,0.2537708927843457,0.5191602119853241,-0.11060196131447587,0.2254382388911537,0.5207908683245006,0.8893980386855241,,
neighborhood,MILL BASIN,80,0.1915925925925926,0.2125,0.5375,-0.09921215567129629,0.2875,0.5,0.9007878443287036,,
neighborhood,LAURELTON,267,0.19010970394736842,0.21722846441947566,0.5243445692883895,-0.11963022813688214,0.24344569288389514,0.5393258426966292,0.8803697718631178,,
neighborhood,CYPRESS HILLS,146,0.19009802301864803,0.2465753424657534,0.5136986301369864,-0.00399984296482412,0.3972602739726027,0.3561643835616438,0.9960001570351759,,
neighborhood,PLEASANT PLAINS,44,0.1896432251813327,0.2727272727272727,0.5454545454545454,-0.09154019709821429,0.22727272727272727,0.5,0.9084598029017856,,
borough_segment,2|SINGLE_FAMILY,2659,0.18912259615384616,0.25535915757803684,0.5272658894321174,-0.04709904822335025,0.32794283565250093,0.4166980067694622,0.9529009517766498,,
neighborhood,WILLOWBROOK,106,0.18899174107142858,0.2641509433962264,0.5377358490566038,-0.16924958303946747,0.07547169811320754,0.660377358490566,0.8307504169605325,,
neighborhood,HOLLIS,282,0.18824657207049994,0.2198581560283688,0.5425531914893617,-0.1314807938040081,0.22340425531914893,0.5567375886524822,0.8685192061959919,,
neighborhood,CONCORD,78,0.18734686994970318,0.2564102564102564,0.5641025641025641,-0.015840856798069188,0.38461538461538464,0.358974358974359,0.9841591432019308,,
neighborhood,WILLIAMSBRIDGE,263,0.18709848039215687,0.2585551330798479,0.5399239543726235,-0.029616582914572864,0.3726235741444867,0.3688212927756654,0.9703834170854271,,
neighborhood,ROSSVILLE-CHARLESTON,29,0.18636936728395062,0.3448275862068966,0.5172413793103449,-0.12386848958333334,0.10344827586206896,0.5517241379310345,0.8761315104166667,,
neighborhood,WESTCHESTER,71,0.1861433789954338,0.38028169014084506,0.5492957746478874,-0.033805855263157894,0.28169014084507044,0.3380281690140845,0.9661941447368421,,
neighborhood,WESTERLEIGH,151,0.18526401515151514,0.26490066225165565,0.5562913907284768,-0.1314535447761194,0.152317880794702,0.5827814569536424,0.8685464552238806,,
neighborhood,EMERSON HILL,19,0.18428910256410255,0.2631578947368421,0.5263157894736842,-0.16584519230769232,0.15789473684210525,0.5789473684210527,0.8341548076923077,,
neighborhood,MARINE PARK,279,0.18270637583892618,0.26523297491039427,0.5878136200716846,-0.12399918831168831,0.2007168458781362,0.5340501792114696,0.8760008116883117,,
neighborhood,ARROCHAR,18,0.17914355721145336,0.3888888888888889,0.5555555555555556,-0.06574786057692308,0.2777777777777778,0.3333333333333333,0.9342521394230769,,
neighborhood,BAYCHESTER,219,0.17900598214285715,0.2785388127853881,0.5388127853881278,-0.034086785714285715,0.3378995433789954,0.3835616438356164,0.9659132142857143,,
neighborhood,MORRIS PARK/VAN NEST,166,0.17900220697475352,0.23493975903614459,0.5542168674698795,-0.10398586774553571,0.2469879518072289,0.5180722891566265,0.8960141322544644,,
neighborhood,MARINERS HARBOR,178,0.17896623342175066,0.2808988764044944,0.5393258426966292,0.03425679024279442,0.42134831460674155,0.29775280898876405,1.0342567902427944,,
neighborhood,TOTTENVILLE,194,0.17460792721518986,0.28865979381443296,0.5412371134020618,-0.05953177777777778,0.27835051546391754,0.4329896907216495,0.9404682222222223,,
neighborhood,ST. ALBANS,458,0.17387181241652144,0.2663755458515284,0.5720524017467249,-0.06070867901287309,0.314410480349345,0.4192139737991266,0.939291320987127,,
neighborhood,ANNADALE,135,0.173846875,0.2962962962962963,0.5925925925925926,-0.07927006578947368,0.2222222222222222,0.48148148148148145,0.9207299342105263,,
neighborhood,WEST NEW BRIGHTON,169,0.17303543103448277,0.28402366863905326,0.5443786982248521,0.04523268747452792,0.4319526627218935,0.28402366863905326,1.045232687474528,,
neighborhood,WOODROW,88,0.1707298291989567,0.29545454545454547,0.5454545454545454,-0.10678884068139297,0.18181818181818182,0.5227272727272727,0.893211159318607,,
neighborhood,CASTLE HILL/UNIONPORT,89,0.17010541666666668,0.2696629213483146,0.5842696629213483,-0.0678922159090909,0.30337078651685395,0.42696629213483145,0.9321077840909091,,
neighborhood,OLD MILL BASIN,187,0.16786625,0.28342245989304815,0.5935828877005348,-0.09522890070921985,0.22994652406417113,0.48663101604278075,0.9047710992907801,,
neighborhood,BULLS HEAD,178,0.16722210071707955,0.33146067415730335,0.6067415730337079,-0.09661015087853322,0.1797752808988764,0.4887640449438202,0.9033898491214667,,
neighborhood,CASTLETON CORNERS,115,0.1671983284883721,0.2782608695652174,0.6086956521739131,-0.124756875,0.1826086956521739,0.5391304347826087,0.875243125,,
neighborhood,OZONE PARK,292,0.1664471406908279,0.3082191780821918,0.5856164383561644,-0.07597280172413792,0.2671232876712329,0.4246575342465753,0.9240271982758621,,
neighborhood,RICHMOND HILL,441,0.16265602871121412,0.29024943310657597,0.5941043083900227,-0.046280152671755725,0.3242630385487528,0.3854875283446712,0.9537198473282443,,
neighborhood,PRINCES BAY,108,0.15774624476656404,0.3148148148148148,0.5833333333333334,-0.012391748991935483,0.3148148148148148,0.37037037037037035,0.9876082510080646,,
neighborhood,LIVINGSTON,31,0.15716302710843374,0.22580645161290322,0.6129032258064516,0.004999592833876221,0.3548387096774194,0.41935483870967744,1.0049995928338762,,
neighborhood,PELHAM GARDENS,47,0.1569126700680272,0.2553191489361702,0.5957446808510638,-0.14806343937875752,0.0425531914893617,0.7021276595744681,0.8519365606212425,,
neighborhood,DONGAN HILLS-OLD TOWN,6,0.15631573462189866,0.3333333333333333,0.5,-0.06092272010020822,0.16666666666666666,0.5,0.9390772798997917,,
neighborhood,BROWNSVILLE,128,0.1556725147192029,0.328125,0.5625,0.042455857177709944,0.4296875,0.2421875,1.04245585717771,,
neighborhood,BELMONT,40,0.1548274365942029,0.35,0.75,0.05843002233989725,0.4,0.25,1.0584300223398972,,
neighborhood,WOODHAVEN,239,0.15293814655172414,0.3305439330543933,0.6569037656903766,-0.017964928057553956,0.30962343096234307,0.3598326359832636,0.982035071942446,,
neighborhood,ARDEN HEIGHTS,200,0.14885228102884762,0.35,0.69,-0.052891636773034455,0.25,0.4,0.9471083632269655,,
neighborhood,GLENDALE,309,0.14755692098914355,0.3074433656957929,0.656957928802589,-0.046368868868868866,0.30097087378640774,0.39158576051779936,0.9536311311311312,,
neighborhood,BERGEN BEACH,110,0.14481195776180428,0.34545454545454546,0.6818181818181818,-0.08077503848973608,0.2,0.45454545454545453,0.9192249615102639,,
neighborhood,CONCORD-FOX HILLS,31,0.1430171686746988,0.41935483870967744,0.5806451612903226,-0.03117525,0.25806451612903225,0.3225806451612903,0.96882475,,
neighborhood,PORT RICHMOND,140,0.14262634358288773,0.38571428571428573,0.6142857142857143,0.042305814691017574,0.42142857142857143,0.19285714285714287,1.0423058146910176,,
neighborhood,DYKER HEIGHTS,208,0.14044121212121213,0.3557692307692308,0.6201923076923077,-0.002783289220824598,0.3557692307692308,0.28846153846153844,0.9972167107791754,,
neighborhood,HUGUENOT,104,0.13341789402173915,0.38461538461538464,0.6730769230769231,-0.08216824350371216,0.20192307692307693,0.41346153846153844,0.9178317564962878,,
neighborhood,ROSSVILLE-RICHMOND VALLEY,18,0.12678547252126848,0.3333333333333333,0.6111111111111112,-0.06975860801464177,0.2777777777777778,0.3888888888888889,0.9302413919853583,,
